match_no,date,venue,batting_team,bowling_team,innings,Over_No,over,striker,bowler,runs_of_bat,extras,wide,legbyes,byes,noballs,Total_Runs,wicket_type,player_dismissed,fielder
19,9-Jun-24,"Nassau County International Cricket Stadium, New York",IND,PAK,1,1,0.1,Rohit,Shaheen Afridi,2,0,0,0,0,0,2,,,
19,9-Jun-24,"Nassau County International Cricket Stadium, New York",IND,PAK,1,1,0.2,Rohit,Shaheen Afridi,0,0,0,0,0,0,0,,,
19,9-Jun-24,"Nassau County International Cricket Stadium, New York",IND,PAK,1,1,0.3,Rohit,Shaheen Afridi,6,0,0,0,0,0,6,,,
19,9-Jun-24,"Nassau County International Cricket Stadium, New York",IND,PAK,1,1,0.4,Rohit,Shaheen Afridi,0,0,0,0,0,0,0,,,
19,9-Jun-24,"Nassau County International Cricket Stadium, New York",IND,PAK,1,1,0.5,Rohit,Shaheen Afridi,0,0,0,0,0,0,0,,,
19,9-Jun-24,"Nassau County International Cricket Stadium, New York",IND,PAK,1,1,0.6,Rohit,Shaheen Afridi,0,0,0,0,0,0,0,,,
19,9-Jun-24,"Nassau County International Cricket Stadium, New York",IND,PAK,1,2,1.1,Kohli,Naseem Shah,4,0,0,0,0,0,4,,,
19,9-Jun-24,"Nassau County International Cricket Stadium, New York",IND,PAK,1,2,1.2,Kohli,Naseem Shah,0,0,0,0,0,0,0,,,
19,9-Jun-24,"Nassau County International Cricket Stadium, New York",IND,PAK,1,2,1.3,Kohli,Naseem Shah,0,0,0,0,0,0,0,caught,Kohli,Usman Khan
19,9-Jun-24,"Nassau County International Cricket Stadium, New York",IND,PAK,1,2,1.4,Pant,Naseem Shah,0,0,0,0,0,0,0,,,
19,9-Jun-24,"Nassau County International Cricket Stadium, New York",IND,PAK,1,2,1.5,Pant,Naseem Shah,0,2,1,0,0,0,3,,,
19,9-Jun-24,"Nassau County International Cricket Stadium, New York",IND,PAK,1,2,1.5,Rohit,Naseem Shah,4,0,0,0,0,0,4,,,
19,9-Jun-24,"Nassau County International Cricket Stadium, New York",IND,PAK,1,2,1.6,Rohit,Naseem Shah,1,0,0,0,0,0,1,,,
19,9-Jun-24,"Nassau County International Cricket Stadium, New York",IND,PAK,1,3,2.1,Rohit,Shaheen Afridi,0,0,0,0,0,0,0,,,
19,9-Jun-24,"Nassau County International Cricket Stadium, New York",IND,PAK,1,3,2.2,Rohit,Shaheen Afridi,0,0,0,0,0,0,0,,,
19,9-Jun-24,"Nassau County International Cricket Stadium, New York",IND,PAK,1,3,2.3,Rohit,Shaheen Afridi,0,0,0,0,0,0,0,,,
19,9-Jun-24,"Nassau County International Cricket Stadium, New York",IND,PAK,1,3,2.4,Rohit,Shaheen Afridi,0,0,0,0,0,0,0,caught,Rohit,Haris Rauf
19,9-Jun-24,"Nassau County International Cricket Stadium, New York",IND,PAK,1,3,2.5,Axar,Shaheen Afridi,0,1,1,0,0,0,2,,,
19,9-Jun-24,"Nassau County International Cricket Stadium, New York",IND,PAK,1,3,2.5,Axar,Shaheen Afridi,0,0,0,0,0,0,0,,,
19,9-Jun-24,"Nassau County International Cricket Stadium, New York",IND,PAK,1,3,2.6,Axar,Shaheen Afridi,0,0,0,0,0,0,0,,,
19,9-Jun-24,"Nassau County International Cricket Stadium, New York",IND,PAK,1,4,3.1,Pant,Amir,0,0,0,0,0,0,0,,,
19,9-Jun-24,"Nassau County International Cricket Stadium, New York",IND,PAK,1,4,3.2,Pant,Amir,3,0,0,0,0,0,3,,,
19,9-Jun-24,"Nassau County International Cricket Stadium, New York",IND,PAK,1,4,3.3,Axar,Amir,0,0,0,0,0,0,0,,,
19,9-Jun-24,"Nassau County International Cricket Stadium, New York",IND,PAK,1,4,3.4,Axar,Amir,0,0,0,0,0,0,0,,,
19,9-Jun-24,"Nassau County International Cricket Stadium, New York",IND,PAK,1,4,3.5,Axar,Amir,0,0,0,0,0,0,0,,,
19,9-Jun-24,"Nassau County International Cricket Stadium, New York",IND,PAK,1,4,3.6,Axar,Amir,1,0,0,0,0,0,1,,,
19,9-Jun-24,"Nassau County International Cricket Stadium, New York",IND,PAK,1,5,4.1,Axar,Shaheen Afridi,4,0,0,0,0,0,4,,,
19,9-Jun-24,"Nassau County International Cricket Stadium, New York",IND,PAK,1,5,4.2,Axar,Shaheen Afridi,6,0,0,0,0,0,6,,,
19,9-Jun-24,"Nassau County International Cricket Stadium, New York",IND,PAK,1,5,4.3,Axar,Shaheen Afridi,1,0,0,0,0,0,1,,,
19,9-Jun-24,"Nassau County International Cricket Stadium, New York",IND,PAK,1,5,4.4,Pant,Shaheen Afridi,0,0,0,0,0,0,0,,,
19,9-Jun-24,"Nassau County International Cricket Stadium, New York",IND,PAK,1,5,4.5,Pant,Shaheen Afridi,1,0,0,0,0,0,1,,,
19,9-Jun-24,"Nassau County International Cricket Stadium, New York",IND,PAK,1,5,4.6,Axar,Shaheen Afridi,2,0,0,0,0,0,2,,,
19,9-Jun-24,"Nassau County International Cricket Stadium, New York",IND,PAK,1,6,5.1,Pant,Amir,4,0,0,0,0,0,4,,,
19,9-Jun-24,"Nassau County International Cricket Stadium, New York",IND,PAK,1,6,5.2,Pant,Amir,3,0,0,0,0,0,3,,,
19,9-Jun-24,"Nassau County International Cricket Stadium, New York",IND,PAK,1,6,5.3,Axar,Amir,0,0,0,0,0,0,0,,,
19,9-Jun-24,"Nassau County International Cricket Stadium, New York",IND,PAK,1,6,5.4,Axar,Amir,1,0,0,0,0,0,1,,,
19,9-Jun-24,"Nassau County International Cricket Stadium, New York",IND,PAK,1,6,5.5,Pant,Amir,4,0,0,0,0,0,4,,,
19,9-Jun-24,"Nassau County International Cricket Stadium, New York",IND,PAK,1,6,5.6,Pant,Amir,0,0,0,0,0,0,0,,,
19,9-Jun-24,"Nassau County International Cricket Stadium, New York",IND,PAK,1,7,6.1,Axar,Iftikhar Ahmed,0,0,0,0,0,0,0,,,
19,9-Jun-24,"Nassau County International Cricket Stadium, New York",IND,PAK,1,7,6.2,Axar,Iftikhar Ahmed,1,0,0,0,0,0,1,,,
19,9-Jun-24,"Nassau County International Cricket Stadium, New York",IND,PAK,1,7,6.3,Pant,Iftikhar Ahmed,0,0,0,0,0,0,0,,,
19,9-Jun-24,"Nassau County International Cricket Stadium, New York",IND,PAK,1,7,6.4,Pant,Iftikhar Ahmed,0,0,0,0,0,0,0,,,
19,9-Jun-24,"Nassau County International Cricket Stadium, New York",IND,PAK,1,7,6.5,Pant,Iftikhar Ahmed,0,1,1,0,0,0,2,,,
19,9-Jun-24,"Nassau County International Cricket Stadium, New York",IND,PAK,1,7,6.5,Pant,Iftikhar Ahmed,1,0,0,0,0,0,1,,,
19,9-Jun-24,"Nassau County International Cricket Stadium, New York",IND,PAK,1,7,6.6,Axar,Iftikhar Ahmed,4,0,0,0,0,0,4,,,
19,9-Jun-24,"Nassau County International Cricket Stadium, New York",IND,PAK,1,8,7.1,Pant,Naseem Shah,1,0,0,0,0,0,1,,,
19,9-Jun-24,"Nassau County International Cricket Stadium, New York",IND,PAK,1,8,7.2,Axar,Naseem Shah,0,0,0,0,0,0,0,,,
19,9-Jun-24,"Nassau County International Cricket Stadium, New York",IND,PAK,1,8,7.3,Axar,Naseem Shah,0,0,0,0,0,0,0,,,
19,9-Jun-24,"Nassau County International Cricket Stadium, New York",IND,PAK,1,8,7.4,Axar,Naseem Shah,0,0,0,0,0,0,0,bowled,Axar,
19,9-Jun-24,"Nassau County International Cricket Stadium, New York",IND,PAK,1,8,7.5,Suryakumar Yadav,Naseem Shah,0,0,0,0,0,0,0,,,
19,9-Jun-24,"Nassau County International Cricket Stadium, New York",IND,PAK,1,8,7.6,Suryakumar Yadav,Naseem Shah,4,0,0,0,0,0,4,,,
19,9-Jun-24,"Nassau County International Cricket Stadium, New York",IND,PAK,1,9,8.1,Pant,Imad Wasim,0,1,1,0,0,0,2,,,
19,9-Jun-24,"Nassau County International Cricket Stadium, New York",IND,PAK,1,9,8.1,Pant,Imad Wasim,1,0,0,0,0,0,1,,,
19,9-Jun-24,"Nassau County International Cricket Stadium, New York",IND,PAK,1,9,8.2,Suryakumar Yadav,Imad Wasim,1,0,0,0,0,0,1,,,
19,9-Jun-24,"Nassau County International Cricket Stadium, New York",IND,PAK,1,9,8.3,Pant,Imad Wasim,0,0,0,0,0,0,0,,,
19,9-Jun-24,"Nassau County International Cricket Stadium, New York",IND,PAK,1,9,8.4,Pant,Imad Wasim,0,0,0,0,0,0,0,,,
19,9-Jun-24,"Nassau County International Cricket Stadium, New York",IND,PAK,1,9,8.5,Pant,Imad Wasim,2,0,0,0,0,0,2,,,
19,9-Jun-24,"Nassau County International Cricket Stadium, New York",IND,PAK,1,9,8.6,Pant,Imad Wasim,1,0,0,0,0,0,1,,,
19,9-Jun-24,"Nassau County International Cricket Stadium, New York",IND,PAK,1,10,9.1,Pant,Haris Rauf,0,0,0,0,0,0,0,,,
19,9-Jun-24,"Nassau County International Cricket Stadium, New York",IND,PAK,1,10,9.2,Pant,Haris Rauf,4,0,0,0,0,0,4,,,
19,9-Jun-24,"Nassau County International Cricket Stadium, New York",IND,PAK,1,10,9.3,Pant,Haris Rauf,4,0,0,0,0,0,4,,,
19,9-Jun-24,"Nassau County International Cricket Stadium, New York",IND,PAK,1,10,9.4,Pant,Haris Rauf,4,0,0,0,0,0,4,,,
19,9-Jun-24,"Nassau County International Cricket Stadium, New York",IND,PAK,1,10,9.5,Pant,Haris Rauf,1,0,0,0,0,0,1,,,
19,9-Jun-24,"Nassau County International Cricket Stadium, New York",IND,PAK,1,10,9.6,Suryakumar Yadav,Haris Rauf,0,0,0,0,0,0,0,,,
19,9-Jun-24,"Nassau County International Cricket Stadium, New York",IND,PAK,1,11,10.1,Pant,Imad Wasim,1,0,0,0,0,0,1,,,
19,9-Jun-24,"Nassau County International Cricket Stadium, New York",IND,PAK,1,11,10.2,Suryakumar Yadav,Imad Wasim,1,0,0,0,0,0,1,,,
19,9-Jun-24,"Nassau County International Cricket Stadium, New York",IND,PAK,1,11,10.3,Pant,Imad Wasim,0,0,0,0,0,0,0,,,
19,9-Jun-24,"Nassau County International Cricket Stadium, New York",IND,PAK,1,11,10.4,Pant,Imad Wasim,4,0,0,0,0,0,4,,,
19,9-Jun-24,"Nassau County International Cricket Stadium, New York",IND,PAK,1,11,10.5,Pant,Imad Wasim,1,0,0,0,0,0,1,,,
19,9-Jun-24,"Nassau County International Cricket Stadium, New York",IND,PAK,1,11,10.6,Suryakumar Yadav,Imad Wasim,1,0,0,0,0,0,1,,,
19,9-Jun-24,"Nassau County International Cricket Stadium, New York",IND,PAK,1,12,11.1,Suryakumar Yadav,Haris Rauf,0,0,0,0,0,0,0,,,
19,9-Jun-24,"Nassau County International Cricket Stadium, New York",IND,PAK,1,12,11.2,Suryakumar Yadav,Haris Rauf,0,0,0,0,0,0,0,caught,Suryakumar Yadav,Amir
19,9-Jun-24,"Nassau County International Cricket Stadium, New York",IND,PAK,1,12,11.3,Shivam Dube,Haris Rauf,0,0,0,0,0,0,0,,,
19,9-Jun-24,"Nassau County International Cricket Stadium, New York",IND,PAK,1,12,11.4,Shivam Dube,Haris Rauf,0,0,0,0,0,0,0,,,
19,9-Jun-24,"Nassau County International Cricket Stadium, New York",IND,PAK,1,12,11.5,Shivam Dube,Haris Rauf,0,0,0,0,0,0,0,,,
19,9-Jun-24,"Nassau County International Cricket Stadium, New York",IND,PAK,1,12,11.6,Shivam Dube,Haris Rauf,1,0,0,0,0,0,1,,,
19,9-Jun-24,"Nassau County International Cricket Stadium, New York",IND,PAK,1,13,12.1,Shivam Dube,Imad Wasim,1,0,0,0,0,0,1,,,
19,9-Jun-24,"Nassau County International Cricket Stadium, New York",IND,PAK,1,13,12.2,Pant,Imad Wasim,1,0,0,0,0,0,1,,,
19,9-Jun-24,"Nassau County International Cricket Stadium, New York",IND,PAK,1,13,12.3,Shivam Dube,Imad Wasim,0,0,0,0,0,0,0,,,
19,9-Jun-24,"Nassau County International Cricket Stadium, New York",IND,PAK,1,13,12.4,Shivam Dube,Imad Wasim,1,0,0,0,0,0,1,,,
19,9-Jun-24,"Nassau County International Cricket Stadium, New York",IND,PAK,1,13,12.5,Pant,Imad Wasim,0,1,0,1,0,0,2,,,
19,9-Jun-24,"Nassau County International Cricket Stadium, New York",IND,PAK,1,13,12.6,Shivam Dube,Imad Wasim,0,0,0,0,0,0,0,,,
19,9-Jun-24,"Nassau County International Cricket Stadium, New York",IND,PAK,1,14,13.1,Pant,Naseem Shah,1,0,0,0,0,0,1,,,
19,9-Jun-24,"Nassau County International Cricket Stadium, New York",IND,PAK,1,14,13.2,Shivam Dube,Naseem Shah,0,0,0,0,0,0,0,caught,Shivam Dube,Naseem Shah
19,9-Jun-24,"Nassau County International Cricket Stadium, New York",IND,PAK,1,14,13.3,Hardik Pandya,Naseem Shah,0,0,0,0,0,0,0,,,
19,9-Jun-24,"Nassau County International Cricket Stadium, New York",IND,PAK,1,14,13.4,Hardik Pandya,Naseem Shah,0,0,0,0,0,0,0,,,
19,9-Jun-24,"Nassau County International Cricket Stadium, New York",IND,PAK,1,14,13.5,Hardik Pandya,Naseem Shah,0,0,0,0,0,0,0,,,
19,9-Jun-24,"Nassau County International Cricket Stadium, New York",IND,PAK,1,14,13.6,Hardik Pandya,Naseem Shah,0,1,0,0,0,1,2,,,
19,9-Jun-24,"Nassau County International Cricket Stadium, New York",IND,PAK,1,14,13.6,Hardik Pandya,Naseem Shah,0,0,0,0,0,0,0,,,
19,9-Jun-24,"Nassau County International Cricket Stadium, New York",IND,PAK,1,15,14.1,Pant,Amir,0,0,0,0,0,0,0,caught,Pant,Babar Azam
19,9-Jun-24,"Nassau County International Cricket Stadium, New York",IND,PAK,1,15,14.2,Jadeja,Amir,0,0,0,0,0,0,0,caught,Jadeja,Imad Wasim
19,9-Jun-24,"Nassau County International Cricket Stadium, New York",IND,PAK,1,15,14.3,Arshdeep Singh,Amir,0,0,0,0,0,0,0,,,
19,9-Jun-24,"Nassau County International Cricket Stadium, New York",IND,PAK,1,15,14.4,Arshdeep Singh,Amir,1,0,0,0,0,0,1,,,
19,9-Jun-24,"Nassau County International Cricket Stadium, New York",IND,PAK,1,15,14.5,Hardik Pandya,Amir,0,0,0,0,0,0,0,,,
19,9-Jun-24,"Nassau County International Cricket Stadium, New York",IND,PAK,1,15,14.6,Hardik Pandya,Amir,0,0,0,0,0,0,0,,,
19,9-Jun-24,"Nassau County International Cricket Stadium, New York",IND,PAK,1,16,15.1,Arshdeep Singh,Naseem Shah,0,0,0,0,0,0,0,,,
19,9-Jun-24,"Nassau County International Cricket Stadium, New York",IND,PAK,1,16,15.2,Arshdeep Singh,Naseem Shah,1,0,0,0,0,0,1,,,
19,9-Jun-24,"Nassau County International Cricket Stadium, New York",IND,PAK,1,16,15.3,Hardik Pandya,Naseem Shah,1,0,0,0,0,0,1,,,
19,9-Jun-24,"Nassau County International Cricket Stadium, New York",IND,PAK,1,16,15.4,Arshdeep Singh,Naseem Shah,0,0,0,0,0,0,0,,,
19,9-Jun-24,"Nassau County International Cricket Stadium, New York",IND,PAK,1,16,15.5,Arshdeep Singh,Naseem Shah,0,0,0,0,0,0,0,,,
19,9-Jun-24,"Nassau County International Cricket Stadium, New York",IND,PAK,1,16,15.6,Arshdeep Singh,Naseem Shah,1,0,0,0,0,0,1,,,
19,9-Jun-24,"Nassau County International Cricket Stadium, New York",IND,PAK,1,17,16.1,Arshdeep Singh,Amir,4,0,0,0,0,0,4,,,
19,9-Jun-24,"Nassau County International Cricket Stadium, New York",IND,PAK,1,17,16.2,Arshdeep Singh,Amir,0,0,0,0,0,0,0,,,
19,9-Jun-24,"Nassau County International Cricket Stadium, New York",IND,PAK,1,17,16.3,Arshdeep Singh,Amir,0,0,0,0,0,0,0,,,
19,9-Jun-24,"Nassau County International Cricket Stadium, New York",IND,PAK,1,17,16.4,Arshdeep Singh,Amir,2,0,0,0,0,0,2,,,
19,9-Jun-24,"Nassau County International Cricket Stadium, New York",IND,PAK,1,17,16.5,Arshdeep Singh,Amir,0,0,0,0,0,0,0,,,
19,9-Jun-24,"Nassau County International Cricket Stadium, New York",IND,PAK,1,17,16.6,Arshdeep Singh,Amir,0,0,0,0,0,0,0,,,
19,9-Jun-24,"Nassau County International Cricket Stadium, New York",IND,PAK,1,18,17.1,Hardik Pandya,Haris Rauf,4,0,0,0,0,0,4,,,
19,9-Jun-24,"Nassau County International Cricket Stadium, New York",IND,PAK,1,18,17.2,Hardik Pandya,Haris Rauf,0,0,0,0,0,0,0,,,
19,9-Jun-24,"Nassau County International Cricket Stadium, New York",IND,PAK,1,18,17.3,Hardik Pandya,Haris Rauf,2,0,0,0,0,0,2,,,
19,9-Jun-24,"Nassau County International Cricket Stadium, New York",IND,PAK,1,18,17.4,Hardik Pandya,Haris Rauf,0,0,0,0,0,0,0,caught,Hardik Pandya,Iftikhar Ahmed
19,9-Jun-24,"Nassau County International Cricket Stadium, New York",IND,PAK,1,18,17.5,Bumrah,Haris Rauf,0,0,0,0,0,0,0,caught,Bumrah,Imad Wasim
19,9-Jun-24,"Nassau County International Cricket Stadium, New York",IND,PAK,1,18,17.6,Siraj,Haris Rauf,1,0,0,0,0,0,1,,,
19,9-Jun-24,"Nassau County International Cricket Stadium, New York",IND,PAK,1,19,18.1,Siraj,Shaheen Afridi,2,0,0,0,0,0,2,,,
19,9-Jun-24,"Nassau County International Cricket Stadium, New York",IND,PAK,1,19,18.2,Siraj,Shaheen Afridi,2,0,0,0,0,0,2,,,
19,9-Jun-24,"Nassau County International Cricket Stadium, New York",IND,PAK,1,19,18.3,Siraj,Shaheen Afridi,2,0,0,0,0,0,2,,,
19,9-Jun-24,"Nassau County International Cricket Stadium, New York",IND,PAK,1,19,18.4,Siraj,Shaheen Afridi,0,0,0,0,0,0,0,,,
19,9-Jun-24,"Nassau County International Cricket Stadium, New York",IND,PAK,1,19,18.5,Siraj,Shaheen Afridi,0,0,0,0,0,0,0,,,
19,9-Jun-24,"Nassau County International Cricket Stadium, New York",IND,PAK,1,19,18.6,Siraj,Shaheen Afridi,0,0,0,0,0,0,0,runout,Arshdeep Singh,Babar Azam/Rizwan
19,9-Jun-24,"Nassau County International Cricket Stadium, New York",PAK,IND,2,1,0.1,Rizwan,Arshdeep Singh,3,0,0,0,0,0,3,,,
19,9-Jun-24,"Nassau County International Cricket Stadium, New York",PAK,IND,2,1,0.2,Babar Azam,Arshdeep Singh,3,0,0,0,0,0,3,,,
19,9-Jun-24,"Nassau County International Cricket Stadium, New York",PAK,IND,2,1,0.3,Rizwan,Arshdeep Singh,1,0,0,0,0,0,1,,,
19,9-Jun-24,"Nassau County International Cricket Stadium, New York",PAK,IND,2,1,0.4,Babar Azam,Arshdeep Singh,0,2,1,0,0,0,3,,,
19,9-Jun-24,"Nassau County International Cricket Stadium, New York",PAK,IND,2,1,0.4,Rizwan,Arshdeep Singh,0,0,0,0,0,0,0,,,
19,9-Jun-24,"Nassau County International Cricket Stadium, New York",PAK,IND,2,1,0.5,Rizwan,Arshdeep Singh,0,0,0,0,0,0,0,,,
19,9-Jun-24,"Nassau County International Cricket Stadium, New York",PAK,IND,2,1,0.6,Rizwan,Arshdeep Singh,0,0,0,0,0,0,0,,,
19,9-Jun-24,"Nassau County International Cricket Stadium, New York",PAK,IND,2,2,1.1,Babar Azam,Siraj,4,0,0,0,0,0,4,,,
19,9-Jun-24,"Nassau County International Cricket Stadium, New York",PAK,IND,2,2,1.2,Babar Azam,Siraj,1,0,0,0,0,0,1,,,
19,9-Jun-24,"Nassau County International Cricket Stadium, New York",PAK,IND,2,2,1.3,Rizwan,Siraj,0,0,0,0,0,0,0,,,
19,9-Jun-24,"Nassau County International Cricket Stadium, New York",PAK,IND,2,2,1.4,Rizwan,Siraj,0,0,0,0,0,0,0,,,
19,9-Jun-24,"Nassau County International Cricket Stadium, New York",PAK,IND,2,2,1.5,Rizwan,Siraj,0,0,0,0,0,0,0,,,
19,9-Jun-24,"Nassau County International Cricket Stadium, New York",PAK,IND,2,2,1.6,Rizwan,Siraj,1,0,0,0,0,0,1,,,
19,9-Jun-24,"Nassau County International Cricket Stadium, New York",PAK,IND,2,3,2.1,Rizwan,Bumrah,2,0,0,0,0,0,2,,,
19,9-Jun-24,"Nassau County International Cricket Stadium, New York",PAK,IND,2,3,2.2,Rizwan,Bumrah,0,0,0,0,0,0,0,,,
19,9-Jun-24,"Nassau County International Cricket Stadium, New York",PAK,IND,2,3,2.3,Rizwan,Bumrah,0,0,0,0,0,0,0,,,
19,9-Jun-24,"Nassau County International Cricket Stadium, New York",PAK,IND,2,3,2.4,Rizwan,Bumrah,1,0,0,0,0,0,1,,,
19,9-Jun-24,"Nassau County International Cricket Stadium, New York",PAK,IND,2,3,2.5,Babar Azam,Bumrah,1,0,0,0,0,0,1,,,
19,9-Jun-24,"Nassau County International Cricket Stadium, New York",PAK,IND,2,3,2.6,Rizwan,Bumrah,0,0,0,0,0,0,0,,,
19,9-Jun-24,"Nassau County International Cricket Stadium, New York",PAK,IND,2,4,3.1,Babar Azam,Siraj,0,0,0,0,0,0,0,,,
19,9-Jun-24,"Nassau County International Cricket Stadium, New York",PAK,IND,2,4,3.2,Babar Azam,Siraj,0,0,0,0,0,0,0,,,
19,9-Jun-24,"Nassau County International Cricket Stadium, New York",PAK,IND,2,4,3.3,Babar Azam,Siraj,0,1,0,1,0,0,2,,,
19,9-Jun-24,"Nassau County International Cricket Stadium, New York",PAK,IND,2,4,3.4,Rizwan,Siraj,0,0,0,0,0,0,0,,,
19,9-Jun-24,"Nassau County International Cricket Stadium, New York",PAK,IND,2,4,3.5,Rizwan,Siraj,0,0,0,0,0,0,0,,,
19,9-Jun-24,"Nassau County International Cricket Stadium, New York",PAK,IND,2,4,3.6,Rizwan,Siraj,1,0,0,0,0,0,1,,,
19,9-Jun-24,"Nassau County International Cricket Stadium, New York",PAK,IND,2,5,4.1,Rizwan,Bumrah,1,0,0,0,0,0,1,,,
19,9-Jun-24,"Nassau County International Cricket Stadium, New York",PAK,IND,2,5,4.2,Babar Azam,Bumrah,0,0,0,0,0,0,0,,,
19,9-Jun-24,"Nassau County International Cricket Stadium, New York",PAK,IND,2,5,4.3,Babar Azam,Bumrah,4,0,0,0,0,0,4,,,
19,9-Jun-24,"Nassau County International Cricket Stadium, New York",PAK,IND,2,5,4.4,Babar Azam,Bumrah,0,0,0,0,0,0,0,caught,Babar Azam,Suryakumar Yadav
19,9-Jun-24,"Nassau County International Cricket Stadium, New York",PAK,IND,2,5,4.5,Usman Khan,Bumrah,0,0,0,0,0,0,0,,,
19,9-Jun-24,"Nassau County International Cricket Stadium, New York",PAK,IND,2,5,4.6,Usman Khan,Bumrah,0,0,0,0,0,0,0,,,
19,9-Jun-24,"Nassau County International Cricket Stadium, New York",PAK,IND,2,6,5.1,Rizwan,Hardik Pandya,0,0,0,0,0,0,0,,,
19,9-Jun-24,"Nassau County International Cricket Stadium, New York",PAK,IND,2,6,5.2,Rizwan,Hardik Pandya,0,0,0,0,0,0,0,,,
19,9-Jun-24,"Nassau County International Cricket Stadium, New York",PAK,IND,2,6,5.3,Rizwan,Hardik Pandya,6,0,0,0,0,0,6,,,
19,9-Jun-24,"Nassau County International Cricket Stadium, New York",PAK,IND,2,6,5.4,Rizwan,Hardik Pandya,1,0,0,0,0,0,1,,,
19,9-Jun-24,"Nassau County International Cricket Stadium, New York",PAK,IND,2,6,5.5,Usman Khan,Hardik Pandya,0,1,1,0,0,0,2,,,
19,9-Jun-24,"Nassau County International Cricket Stadium, New York",PAK,IND,2,6,5.5,Usman Khan,Hardik Pandya,1,0,0,0,0,0,1,,,
19,9-Jun-24,"Nassau County International Cricket Stadium, New York",PAK,IND,2,6,5.6,Rizwan,Hardik Pandya,0,0,0,0,0,0,0,,,
19,9-Jun-24,"Nassau County International Cricket Stadium, New York",PAK,IND,2,7,6.1,Usman Khan,Siraj,0,0,0,0,0,0,0,,,
19,9-Jun-24,"Nassau County International Cricket Stadium, New York",PAK,IND,2,7,6.2,Usman Khan,Siraj,0,0,0,0,0,0,0,,,
19,9-Jun-24,"Nassau County International Cricket Stadium, New York",PAK,IND,2,7,6.3,Usman Khan,Siraj,1,0,0,0,0,0,1,,,
19,9-Jun-24,"Nassau County International Cricket Stadium, New York",PAK,IND,2,7,6.4,Rizwan,Siraj,1,0,0,0,0,0,1,,,
19,9-Jun-24,"Nassau County International Cricket Stadium, New York",PAK,IND,2,7,6.5,Usman Khan,Siraj,0,0,0,0,0,0,0,,,
19,9-Jun-24,"Nassau County International Cricket Stadium, New York",PAK,IND,2,7,6.6,Usman Khan,Siraj,1,0,0,0,0,0,1,,,
19,9-Jun-24,"Nassau County International Cricket Stadium, New York",PAK,IND,2,8,7.1,Usman Khan,Jadeja,1,0,0,0,0,0,1,,,
19,9-Jun-24,"Nassau County International Cricket Stadium, New York",PAK,IND,2,8,7.2,Rizwan,Jadeja,0,0,0,0,0,0,0,,,
19,9-Jun-24,"Nassau County International Cricket Stadium, New York",PAK,IND,2,8,7.3,Rizwan,Jadeja,1,0,0,0,0,0,1,,,
19,9-Jun-24,"Nassau County International Cricket Stadium, New York",PAK,IND,2,8,7.4,Usman Khan,Jadeja,1,0,0,0,0,0,1,,,
19,9-Jun-24,"Nassau County International Cricket Stadium, New York",PAK,IND,2,8,7.5,Rizwan,Jadeja,0,0,0,0,0,0,0,,,
19,9-Jun-24,"Nassau County International Cricket Stadium, New York",PAK,IND,2,8,7.6,Rizwan,Jadeja,1,0,0,0,0,0,1,,,
19,9-Jun-24,"Nassau County International Cricket Stadium, New York",PAK,IND,2,9,8.1,Rizwan,Hardik Pandya,0,0,0,0,0,0,0,,,
19,9-Jun-24,"Nassau County International Cricket Stadium, New York",PAK,IND,2,9,8.2,Rizwan,Hardik Pandya,1,0,0,0,0,0,1,,,
19,9-Jun-24,"Nassau County International Cricket Stadium, New York",PAK,IND,2,9,8.3,Usman Khan,Hardik Pandya,4,0,0,0,0,0,4,,,
19,9-Jun-24,"Nassau County International Cricket Stadium, New York",PAK,IND,2,9,8.4,Usman Khan,Hardik Pandya,2,0,0,0,0,0,2,,,
19,9-Jun-24,"Nassau County International Cricket Stadium, New York",PAK,IND,2,9,8.5,Usman Khan,Hardik Pandya,1,0,0,0,0,0,1,,,
19,9-Jun-24,"Nassau County International Cricket Stadium, New York",PAK,IND,2,9,8.6,Rizwan,Hardik Pandya,1,0,0,0,0,0,1,,,
19,9-Jun-24,"Nassau County International Cricket Stadium, New York",PAK,IND,2,10,9.1,Rizwan,Jadeja,1,0,0,0,0,0,1,,,
19,9-Jun-24,"Nassau County International Cricket Stadium, New York",PAK,IND,2,10,9.2,Usman Khan,Jadeja,1,0,0,0,0,0,1,,,
19,9-Jun-24,"Nassau County International Cricket Stadium, New York",PAK,IND,2,10,9.3,Rizwan,Jadeja,0,0,0,0,0,0,0,,,
19,9-Jun-24,"Nassau County International Cricket Stadium, New York",PAK,IND,2,10,9.4,Rizwan,Jadeja,0,0,0,0,0,0,0,,,
19,9-Jun-24,"Nassau County International Cricket Stadium, New York",PAK,IND,2,10,9.5,Rizwan,Jadeja,0,0,0,0,0,0,0,,,
19,9-Jun-24,"Nassau County International Cricket Stadium, New York",PAK,IND,2,10,9.6,Rizwan,Jadeja,4,0,0,0,0,0,4,,,
19,9-Jun-24,"Nassau County International Cricket Stadium, New York",PAK,IND,2,11,10.1,Usman Khan,Axar,0,0,0,0,0,0,0,lbw,Usman Khan,
19,9-Jun-24,"Nassau County International Cricket Stadium, New York",PAK,IND,2,11,10.2,Fakhar Zaman,Axar,1,0,0,0,0,0,1,,,
19,9-Jun-24,"Nassau County International Cricket Stadium, New York",PAK,IND,2,11,10.3,Rizwan,Axar,1,0,0,0,0,0,1,,,
19,9-Jun-24,"Nassau County International Cricket Stadium, New York",PAK,IND,2,11,10.4,Fakhar Zaman,Axar,6,0,0,0,0,0,6,,,
19,9-Jun-24,"Nassau County International Cricket Stadium, New York",PAK,IND,2,11,10.5,Fakhar Zaman,Axar,0,0,0,0,0,0,0,,,
19,9-Jun-24,"Nassau County International Cricket Stadium, New York",PAK,IND,2,11,10.6,Fakhar Zaman,Axar,1,0,0,0,0,0,1,,,
19,9-Jun-24,"Nassau County International Cricket Stadium, New York",PAK,IND,2,12,11.1,Fakhar Zaman,Arshdeep Singh,4,0,0,0,0,0,4,,,
19,9-Jun-24,"Nassau County International Cricket Stadium, New York",PAK,IND,2,12,11.2,Fakhar Zaman,Arshdeep Singh,0,0,0,0,0,0,0,,,
19,9-Jun-24,"Nassau County International Cricket Stadium, New York",PAK,IND,2,12,11.3,Fakhar Zaman,Arshdeep Singh,1,0,0,0,0,0,1,,,
19,9-Jun-24,"Nassau County International Cricket Stadium, New York",PAK,IND,2,12,11.4,Rizwan,Arshdeep Singh,0,0,0,0,0,0,0,,,
19,9-Jun-24,"Nassau County International Cricket Stadium, New York",PAK,IND,2,12,11.5,Rizwan,Arshdeep Singh,0,0,0,0,0,0,0,,,
19,9-Jun-24,"Nassau County International Cricket Stadium, New York",PAK,IND,2,12,11.6,Rizwan,Arshdeep Singh,1,0,0,0,0,0,1,,,
19,9-Jun-24,"Nassau County International Cricket Stadium, New York",PAK,IND,2,13,12.1,Rizwan,Hardik Pandya,1,0,0,0,0,0,1,,,
19,9-Jun-24,"Nassau County International Cricket Stadium, New York",PAK,IND,2,13,12.2,Fakhar Zaman,Hardik Pandya,0,0,0,0,0,0,0,caught,Fakhar Zaman,Pant
19,9-Jun-24,"Nassau County International Cricket Stadium, New York",PAK,IND,2,13,12.3,Imad Wasim,Hardik Pandya,0,0,0,0,0,0,0,,,
19,9-Jun-24,"Nassau County International Cricket Stadium, New York",PAK,IND,2,13,12.4,Imad Wasim,Hardik Pandya,0,0,0,0,0,0,0,,,
19,9-Jun-24,"Nassau County International Cricket Stadium, New York",PAK,IND,2,13,12.5,Imad Wasim,Hardik Pandya,0,0,0,0,0,0,0,,,
19,9-Jun-24,"Nassau County International Cricket Stadium, New York",PAK,IND,2,13,12.6,Imad Wasim,Hardik Pandya,0,0,0,0,0,0,0,,,
19,9-Jun-24,"Nassau County International Cricket Stadium, New York",PAK,IND,2,14,13.1,Rizwan,Arshdeep Singh,0,1,0,1,0,0,2,,,
19,9-Jun-24,"Nassau County International Cricket Stadium, New York",PAK,IND,2,14,13.2,Imad Wasim,Arshdeep Singh,4,0,0,0,0,0,4,,,
19,9-Jun-24,"Nassau County International Cricket Stadium, New York",PAK,IND,2,14,13.3,Imad Wasim,Arshdeep Singh,0,0,0,0,0,0,0,,,
19,9-Jun-24,"Nassau County International Cricket Stadium, New York",PAK,IND,2,14,13.4,Imad Wasim,Arshdeep Singh,1,0,0,0,0,0,1,,,
19,9-Jun-24,"Nassau County International Cricket Stadium, New York",PAK,IND,2,14,13.5,Rizwan,Arshdeep Singh,1,0,0,0,0,0,1,,,
19,9-Jun-24,"Nassau County International Cricket Stadium, New York",PAK,IND,2,14,13.6,Imad Wasim,Arshdeep Singh,0,0,0,0,0,0,0,,,
19,9-Jun-24,"Nassau County International Cricket Stadium, New York",PAK,IND,2,15,14.1,Rizwan,Bumrah,0,0,0,0,0,0,0,bowled,Rizwan,
19,9-Jun-24,"Nassau County International Cricket Stadium, New York",PAK,IND,2,15,14.2,Shadab Khan,Bumrah,0,0,0,0,0,0,0,,,
19,9-Jun-24,"Nassau County International Cricket Stadium, New York",PAK,IND,2,15,14.3,Shadab Khan,Bumrah,0,0,0,0,0,0,0,,,
19,9-Jun-24,"Nassau County International Cricket Stadium, New York",PAK,IND,2,15,14.4,Shadab Khan,Bumrah,1,0,0,0,0,0,1,,,
19,9-Jun-24,"Nassau County International Cricket Stadium, New York",PAK,IND,2,15,14.5,Imad Wasim,Bumrah,2,0,0,0,0,0,2,,,
19,9-Jun-24,"Nassau County International Cricket Stadium, New York",PAK,IND,2,15,14.6,Imad Wasim,Bumrah,0,0,0,0,0,0,0,,,
19,9-Jun-24,"Nassau County International Cricket Stadium, New York",PAK,IND,2,16,15.1,Shadab Khan,Axar,0,0,0,0,0,0,0,,,
19,9-Jun-24,"Nassau County International Cricket Stadium, New York",PAK,IND,2,16,15.2,Shadab Khan,Axar,1,0,0,0,0,0,1,,,
19,9-Jun-24,"Nassau County International Cricket Stadium, New York",PAK,IND,2,16,15.3,Imad Wasim,Axar,0,0,0,0,0,0,0,,,
19,9-Jun-24,"Nassau County International Cricket Stadium, New York",PAK,IND,2,16,15.4,Imad Wasim,Axar,0,0,0,0,0,0,0,,,
19,9-Jun-24,"Nassau County International Cricket Stadium, New York",PAK,IND,2,16,15.5,Imad Wasim,Axar,0,0,0,0,0,0,0,,,
19,9-Jun-24,"Nassau County International Cricket Stadium, New York",PAK,IND,2,16,15.6,Imad Wasim,Axar,1,0,0,0,0,0,1,,,
19,9-Jun-24,"Nassau County International Cricket Stadium, New York",PAK,IND,2,17,16.1,Imad Wasim,Hardik Pandya,1,0,0,0,0,0,1,,,
19,9-Jun-24,"Nassau County International Cricket Stadium, New York",PAK,IND,2,17,16.2,Shadab Khan,Hardik Pandya,2,0,0,0,0,0,2,,,
19,9-Jun-24,"Nassau County International Cricket Stadium, New York",PAK,IND,2,17,16.3,Shadab Khan,Hardik Pandya,0,0,0,0,0,0,0,caught,Shadab Khan,Pant
19,9-Jun-24,"Nassau County International Cricket Stadium, New York",PAK,IND,2,17,16.4,Iftikhar Ahmed,Hardik Pandya,1,0,0,0,0,0,1,,,
19,9-Jun-24,"Nassau County International Cricket Stadium, New York",PAK,IND,2,17,16.5,Imad Wasim,Hardik Pandya,0,0,0,0,0,0,0,,,
19,9-Jun-24,"Nassau County International Cricket Stadium, New York",PAK,IND,2,17,16.6,Imad Wasim,Hardik Pandya,1,0,0,0,0,0,1,,,
19,9-Jun-24,"Nassau County International Cricket Stadium, New York",PAK,IND,2,18,17.1,Imad Wasim,Siraj,1,0,0,0,0,0,1,,,
19,9-Jun-24,"Nassau County International Cricket Stadium, New York",PAK,IND,2,18,17.2,Iftikhar Ahmed,Siraj,0,1,0,0,0,1,2,,,
19,9-Jun-24,"Nassau County International Cricket Stadium, New York",PAK,IND,2,18,17.2,Iftikhar Ahmed,Siraj,2,0,0,0,0,0,2,,,
19,9-Jun-24,"Nassau County International Cricket Stadium, New York",PAK,IND,2,18,17.3,Iftikhar Ahmed,Siraj,1,0,0,0,0,0,1,,,
19,9-Jun-24,"Nassau County International Cricket Stadium, New York",PAK,IND,2,18,17.4,Imad Wasim,Siraj,1,0,0,0,0,0,1,,,
19,9-Jun-24,"Nassau County International Cricket Stadium, New York",PAK,IND,2,18,17.5,Iftikhar Ahmed,Siraj,0,1,1,0,0,0,2,,,
19,9-Jun-24,"Nassau County International Cricket Stadium, New York",PAK,IND,2,18,17.5,Iftikhar Ahmed,Siraj,1,0,0,0,0,0,1,,,
19,9-Jun-24,"Nassau County International Cricket Stadium, New York",PAK,IND,2,18,17.6,Imad Wasim,Siraj,1,0,0,0,0,0,1,,,
19,9-Jun-24,"Nassau County International Cricket Stadium, New York",PAK,IND,2,19,18.1,Imad Wasim,Bumrah,1,0,0,0,0,0,1,,,
19,9-Jun-24,"Nassau County International Cricket Stadium, New York",PAK,IND,2,19,18.2,Iftikhar Ahmed,Bumrah,0,0,0,0,0,0,0,,,
19,9-Jun-24,"Nassau County International Cricket Stadium, New York",PAK,IND,2,19,18.3,Iftikhar Ahmed,Bumrah,0,0,0,0,0,0,0,,,
19,9-Jun-24,"Nassau County International Cricket Stadium, New York",PAK,IND,2,19,18.4,Iftikhar Ahmed,Bumrah,0,1,0,1,0,0,2,,,
19,9-Jun-24,"Nassau County International Cricket Stadium, New York",PAK,IND,2,19,18.5,Imad Wasim,Bumrah,1,0,0,0,0,0,1,,,
19,9-Jun-24,"Nassau County International Cricket Stadium, New York",PAK,IND,2,19,18.6,Iftikhar Ahmed,Bumrah,0,0,0,0,0,0,0,caught,Iftikhar Ahmed,Arshdeep Singh
19,9-Jun-24,"Nassau County International Cricket Stadium, New York",PAK,IND,2,20,19.1,Imad Wasim,Arshdeep Singh,0,0,0,0,0,0,0,caught,Imad Wasim,Pant
19,9-Jun-24,"Nassau County International Cricket Stadium, New York",PAK,IND,2,20,19.2,Naseem Shah,Arshdeep Singh,1,0,0,0,0,0,1,,,
19,9-Jun-24,"Nassau County International Cricket Stadium, New York",PAK,IND,2,20,19.3,Shaheen Afridi,Arshdeep Singh,0,1,0,1,0,0,2,,,
19,9-Jun-24,"Nassau County International Cricket Stadium, New York",PAK,IND,2,20,19.4,Naseem Shah,Arshdeep Singh,4,0,0,0,0,0,4,,,
19,9-Jun-24,"Nassau County International Cricket Stadium, New York",PAK,IND,2,20,19.5,Naseem Shah,Arshdeep Singh,4,0,0,0,0,0,4,,,
19,9-Jun-24,"Nassau County International Cricket Stadium, New York",PAK,IND,2,20,19.6,Naseem Shah,Arshdeep Singh,1,0,0,0,0,0,1,,,
